{
    "val_loss": 0.0044668992049992085,
    "r2": 0.037034034729003906,
    "pcc": 0.19732972979545593,
    "scc": 0.2220480889081955,
    "rmse": 0.06683486700057983
}